"output","param","index","value","lo","hi","label"
"Average burden (log10 cases/100k/yr)","R0","First-order",0.0209241019355905,0.00816158758736906,0.035549652917469,"R0"
"Average burden (log10 cases/100k/yr)","birth_rate","First-order",0.105171877390101,0.0939777302661877,0.117846934155923,"Birth rate"
"Average burden (log10 cases/100k/yr)","mcv1_cov","First-order",0.254333654368551,0.243381522622307,0.266242976457539,"MCV1 coverage"
"Average burden (log10 cases/100k/yr)","mcv2_cov","First-order",0.00836809114242553,-0.00449635669559209,0.0232786476125965,"MCV2 coverage"
"Average burden (log10 cases/100k/yr)","mcv1_age","First-order",0.00333323469634395,-0.00783850574732372,0.0170127589043544,"Age at MCV1"
"Average burden (log10 cases/100k/yr)","sia_interval","First-order",0.0979985840996131,0.0866358403580471,0.111893341259674,"Years between campaigns"
"Average burden (log10 cases/100k/yr)","sia_reach","First-order",0.287535503247265,0.276979963606928,0.301353640870553,"Campaign reach"
"Average burden (log10 cases/100k/yr)","importation","First-order",0.10726054591902,0.0957018540273053,0.120588076924738,"Importation rate"
"Average burden (log10 cases/100k/yr)","R0","Total",0.0373591517439311,0.0360647273004478,0.038482827506237,"R0"
"Average burden (log10 cases/100k/yr)","birth_rate","Total",0.152032564525557,0.147712127325703,0.156192413690304,"Birth rate"
"Average burden (log10 cases/100k/yr)","mcv1_cov","Total",0.318147006791641,0.310810215150671,0.324242609991063,"MCV1 coverage"
"Average burden (log10 cases/100k/yr)","mcv2_cov","Total",0.0162543279323402,0.0156520818642903,0.0167852955438083,"MCV2 coverage"
"Average burden (log10 cases/100k/yr)","mcv1_age","Total",0.00915343878049671,0.00879329786485753,0.00946738613878372,"Age at MCV1"
"Average burden (log10 cases/100k/yr)","sia_interval","Total",0.132855958074764,0.129036142415331,0.135856908702773,"Years between campaigns"
"Average burden (log10 cases/100k/yr)","sia_reach","Total",0.347583698569179,0.338872506995948,0.354411276512814,"Campaign reach"
"Average burden (log10 cases/100k/yr)","importation","Total",0.130979398259144,0.128072415032783,0.133776252359326,"Importation rate"
"Worst-case outbreak risk (peak Reff)","R0","First-order",0.030141862010325,0.0169951252089959,0.0444663163079566,"R0"
"Worst-case outbreak risk (peak Reff)","birth_rate","First-order",0.128119945194436,0.115504076364229,0.141005705577542,"Birth rate"
"Worst-case outbreak risk (peak Reff)","mcv1_cov","First-order",0.336503937997023,0.326313432101967,0.34663964038229,"MCV1 coverage"
"Worst-case outbreak risk (peak Reff)","mcv2_cov","First-order",0.0164652469113731,0.00402855542603592,0.0328409416414659,"MCV2 coverage"
"Worst-case outbreak risk (peak Reff)","mcv1_age","First-order",0.00910474766628153,-0.00248429322195072,0.0257780825160846,"Age at MCV1"
"Worst-case outbreak risk (peak Reff)","sia_interval","First-order",0.150424043588294,0.139608492887148,0.164226215672958,"Years between campaigns"
"Worst-case outbreak risk (peak Reff)","sia_reach","First-order",0.276863941075257,0.267891113402053,0.289444978127704,"Campaign reach"
"Worst-case outbreak risk (peak Reff)","importation","First-order",0.00352332503484318,-0.00962756715303945,0.0199772954724393,"Importation rate"
"Worst-case outbreak risk (peak Reff)","R0","Total",0.0365314989343053,0.0356079639608838,0.0372780885530796,"R0"
"Worst-case outbreak risk (peak Reff)","birth_rate","Total",0.151997410851335,0.149003965982257,0.155078979313757,"Birth rate"
"Worst-case outbreak risk (peak Reff)","mcv1_cov","Total",0.366766418663033,0.358179310530679,0.374039298353152,"MCV1 coverage"
"Worst-case outbreak risk (peak Reff)","mcv2_cov","Total",0.0202464058866549,0.0198178382083953,0.0207858180740784,"MCV2 coverage"
"Worst-case outbreak risk (peak Reff)","mcv1_age","Total",0.0110586372771314,0.0107895895274669,0.0113152597015237,"Age at MCV1"
"Worst-case outbreak risk (peak Reff)","sia_interval","Total",0.175156772780507,0.171546851999988,0.178599541123199,"Years between campaigns"
"Worst-case outbreak risk (peak Reff)","sia_reach","Total",0.31974487466024,0.313387018812434,0.32570612434711,"Campaign reach"
"Worst-case outbreak risk (peak Reff)","importation","Total",0.00389875437119745,0.00379822811381336,0.00400800260439357,"Importation rate"
